{"cameraMode":{"drawMode":0,"name":"Shaded","section":"Shading Mode"},"sceneLighting":true,"audioPlay":false,"sceneViewState":{"m_AlwaysRefresh":false,"showFog":true,"showSkybox":true,"showFlares":true,"showImageEffects":true,"showParticleSystems":true,"showVisualEffectGraphs":true,"m_FxEnabled":true},"in2DMode":false,"pivot":{"x":-0.5323920249938965,"y":0.4229957163333893,"z":-0.6232330799102783},"rotation":{"x":-0.48046785593032839,"y":0.01893417350947857,"z":-0.010389858856797219,"w":-0.8767567276954651},"size":1.2078170776367188,"orthographic":false}